{
    "embedding_dim": 32,
    "hidden_state": 768,
    "criterion": "MSELoss",
    "optimizer": "Adam",
    "learning_rate": 0.01,
    "num_epochs": 20,
    "lambda_u": 0.001,
    "lambda_b": 0.001,
    "batch_size": 4096,
    "test_size": 0.5,
    "final_train_loss": 2.1475930430672387,
    "final_test_loss": 2.8761893123775333,
    "final_ndcg": 0.6945034180861936
}